,time,PK
0,0,0.0
1,1,735.0865622822845
2,2,1412.3927823281165
3,3,1387.057581871511
4,4,1362.1768389480906
5,5,1337.7424015935505
6,6,1313.7462640718238
7,7,1290.180564252058
8,8,1267.0375810326682
9,9,1244.3097318115726
10,10,1221.9895700018196
11,11,1200.069782591784
12,12,1178.543187749114
13,13,1157.402732467665
14,14,1136.6414902566394
15,15,1116.2526588711926
16,16,1096.229558083725
17,17,1076.565627495161
18,18,1057.2544243854932
19,19,1038.2896216028855
20,20,1019.6650054906233
21,21,1001.3744738512686
22,22,983.4120339473319
23,23,965.771800537793
24,24,948.447993949855
25,25,931.4349381852894
26,26,914.7270590607317
27,27,898.3188823813564
28,28,882.2050321473002
29,29,866.3802287922684
30,30,850.8392874537168
31,31,835.5771162740857
32,32,820.5887147324903
33,33,805.8691720063498
34,34,791.4136653623888
35,35,777.2174585765155
36,36,763.2759003820364
37,37,749.5844229457043
38,38,736.1385403711188
39,39,722.9338472289475
40,40,709.9660171135278
41,41,697.2308012253594
42,42,684.7240269790218
43,43,672.4415966360583
44,44,660.3794859623886
45,45,648.5337429098055
46,46,636.9004863211129
47,47,625.4759046585026
48,48,614.2562547547377
49,49,603.2378605867344
50,50,592.417112071138
51,51,581.7904638815204
52,52,571.3544342867734
53,53,561.1056040103581
54,54,551.0406151100035
55,55,541.1561698775033
56,56,531.449029758253
57,57,521.9160142901665
58,58,512.55400006162
59,59,503.3599196880947
60,60,494.33076080717507
61,61,485.4635650915746
62,62,476.7554272798635
63,63,468.20349422458344
64,64,459.80496395744007
65,65,451.5570847712605
66,66,443.45715431842143
67,67,435.5025187254435
68,68,427.69057172348056
69,69,420.0187537943891
70,70,412.48455133212934
71,71,405.0854958191998
72,72,397.8191630178508
73,73,390.68317217580443
74,74,383.6751852462188
75,75,376.79290612164823
76,76,370.0340798817428
77,77,363.39649205444147
78,78,356.87796789042267
79,79,350.4763716505631
80,80,344.18960590618076
81,81,338.01561085183334
82,82,331.9523636304359
83,83,325.9978776704935
84,84,320.1502020352145
85,85,314.4074207833043
86,86,308.7676523412227
87,87,303.2290488867027
88,88,297.7897957433281
89,89,292.44811078596916
90,90,287.2022438568821
91,91,282.0504761922896
92,92,276.9911198592399
93,93,272.0225172025688
94,94,267.1430403017857
95,95,262.3510904376956
96,96,257.64509756859616
97,97,253.02351981586523
98,98,248.4848429587766
99,99,244.02757993837986
100,100,239.65027037027656
101,101,235.35148006613946
102,102,231.1298005638111
103,103,226.98384866583464
104,104,222.91226598626017
105,105,218.9137185055811
106,106,214.98689613365426
107,107,211.13051228046012
108,108,207.34330343456108
109,109,203.6240287491259
110,110,199.97146963537182
111,111,196.3844293633096
112,112,192.8617326696407
113,113,189.40222537269665
114,114,186.0047739942756
115,115,182.66826538827345
116,116,179.39160637596714
117,117,176.17372338784463
118,118,173.0135621118615
119,119,169.9100871480011
120,120,166.86228166903655
121,121,163.8691470873748
122,122,160.9297027278793
123,123,158.04298550655875
124,124,155.20804961502125
125,125,152.42396621058919
126,126,149.68982311196984
127,127,147.0047245003877
128,128,144.36779062607917
129,129,141.77815752004602
130,130,139.23497671098724
131,131,136.7374149473019
132,132,134.28465392408168
133,133,131.87589001500174
134,134,129.51033400901835
135,135,127.1872108517905
136,136,124.90575939173986
137,137,122.66523213066634
138,138,120.46489497883604
139,139,118.30402701446408
140,140,116.18192024750934
141,141,114.09787938770845
142,142,112.05122161676948
143,143,110.04127636465273
144,144,108.06738508986345
145,145,106.12890106368678
146,146,104.22518915829254
147,147,102.35562563864079
148,148,100.51959795812051
149,149,98.71650455785391
150,150,96.94575466960049
151,151,95.20676812219737
152,152,93.49897515147102
153,153,91.8218162135578
154,154,90.17474180157573
155,155,88.55721226558232
156,156,86.9686976357627
157,157,85.40867744879061
158,158,83.87664057730164
159,159,82.3720850624272
160,160,80.89451794933292
161,161,79.44345512570385
162,162,78.01842116313172
163,163,76.61894916134358
164,164,75.2445805952259
165,165,73.89486516459299
166,166,72.56936064664939
167,167,71.26763275110041
168,168,69.98925497785955
169,169,68.73380847731023
170,170,67.50088191307225
171,171,66.29007132723144
172,172,65.1009800079872
173,173,63.93321835967171
174,174,62.7864037751025
175,175,61.6601605102255
176,176,60.554119561004775
177,177,59.46791854252162
178,178,58.401201570242506
179,179,57.353619143416054
180,180,56.32482803056261
181,181,55.31449115701703
182,182,54.322277494489114
183,183,53.34786195260495
184,184,52.3909252723939
185,185,51.451153921686156
186,186,50.52823999238635
187,187,49.621881099590134
188,188,48.731780282510655
189,189,47.85764590718146
190,190,46.999191570905325
191,191,46.15613600841682
192,192,45.32820299972799
193,193,44.515121279627465
194,194,43.716624448802584
195,195,42.9324508865559
196,196,42.16234366508719
197,197,41.40605046531363
198,198,40.663323494199375
199,199,39.93391940356846
200,200,39.21759921037347
201,201,38.514128218394966
202,202,37.823275941345415
203,203,37.14481602735206
204,204,36.47852618479485
205,205,35.82418810947423
206,206,35.18158741308593
207,207,34.5505135529783
208,208,33.93075976316972
209,209,33.322122986603596
210,210,32.72440380861853
211,211,32.137406391611535
212,212,31.560938410873497
213,213,30.994810991575985
214,214,30.438838646887863
215,215,29.892839217201768
216,216,29.356633810451534
217,217,28.830046743499427
218,218,28.312905484575115
219,219,27.805040596747226
220,220,27.306285682408625
221,221,26.81647732875762
222,222,26.335455054257345
223,223,25.8630612560552
224,224,25.39914115834562
225,225,24.943542761659064
226,226,24.496116793060793
227,227,24.05671665724275
228,228,23.625198388492954
229,229,23.201420603526227
230,230,22.785244455161315
231,231,22.376533586828607
232,232,21.975154087894293
233,233,21.580974449785305
234,234,21.193865522902115
235,235,20.813700474303637
236,236,20.44035474615166
237,237,20.073706014900395
238,238,19.713634151218283
239,239,19.360021180628664
240,240,19.012751244856293
241,241,18.67171056386766
242,242,18.33678739859151
243,243,18.007872014308823
244,244,17.684856644699032
245,245,17.367635456531396
246,246,17.05610451498946
247,247,16.75016174961779
248,248,16.449706920879624
249,249,16.154641587313822
250,250,15.864869073281755
251,251,15.580294437292288
252,252,15.300824440894765
253,253,15.026367518130478
254,254,14.75683374553173
255,255,14.492134812659192
256,256,14.232183993167824
257,257,13.97689611639158
258,258,13.726187539438035
259,259,13.479976119783563
260,260,13.238181188359844
261,261,13.000723523123579
262,262,12.767525323099907
263,263,12.538510182891555
264,264,12.313603067645367
265,265,12.09273028846767
266,266,11.875819478280802
267,267,11.662799568112598
268,268,11.45360076381129
269,269,11.248154523178028
270,270,11.046393533509612
271,271,10.848251689544032
272,272,10.653664071801678
273,273,10.462566925315018
274,274,10.274897638739782
275,275,10.09059472384095
276,276,9.909597795346578
277,277,9.731847551163183
278,278,9.557285752945761
279,279,9.385855207016645
280,280,9.217499745626373
281,281,9.052164208550858
282,282,8.889794425018595
283,283,8.730337195962079
284,284,8.573740276587545
285,285,8.419952359257419
286,286,8.26892305667982
287,287,8.120602885399618
288,288,7.9749432495855075
289,289,7.831896425108097
290,290,7.691415543903458
291,291,7.553454578617171
292,292,7.417968327523918
293,293,7.284912399717491
294,294,7.154243200566461
295,295,7.025917917430834
296,296,6.899894505634771
297,297,6.776131674691049
298,298,6.654588874772602
299,299,6.535226283426676
300,300,6.418004792527356
301,301,6.302885995462138
302,302,6.189832174548304
303,303,6.078806288675037
304,304,5.969771961167244
305,305,5.862693467867042
306,306,5.757535725428999
307,307,5.654264279825422
308,308,5.552845295057796
309,309,5.45324554207064
310,310,5.355432387864343
311,311,5.259373784803246
312,312,5.165038260115454
313,313,5.072394905581103
314,314,4.981413367405498
315,315,4.892063836273995
316,316,4.804317037585219
317,317,4.718144221859456
318,318,4.633517155319148
319,319,4.550408110638393
320,320,4.468789857858195
321,321,4.388635655464926
322,322,4.3099192416286485
323,323,4.232614825598613
324,324,4.156697079253188
325,325,4.082141128801294
326,326,4.008922546632732
327,327,3.937017343314659
328,328,3.866401959731667
329,329,3.797053259366845
330,330,3.728948520721296
331,331,3.662065429869616
332,332,3.5963820731489387
333,333,3.531876929979104
334,334,3.468528865811619
335,335,3.406317125205107
336,336,41.646084306276684
337,337,775.9856139597432
338,338,1451.9938724653389
339,339,1425.948322094097
340,340,1400.36997136388
341,341,1375.2504397451041
342,342,1350.5814970363897
343,343,1326.355060667976
344,344,1302.5631930535637
345,345,1279.19809898961
346,346,1256.2521231013054
347,347,1233.7177473343554
348,348,1211.5875884917548
349,349,1189.8543958147413
350,350,1168.5110486071512
351,351,1147.5505539023807
352,352,1126.9660441722033
353,353,1106.7507750766697
354,354,1086.8981232544052
355,355,1067.401584152495
356,356,1048.2547698953463
357,357,1029.4514071917336
358,358,1010.985335279426
359,359,992.8505039066592
360,360,975.0409713498206
361,361,957.5509024666942
362,362,940.3745667846238
363,363,923.506336622979
364,364,906.9406852492851
365,365,890.6721850684423
366,366,874.6955058444179
367,367,859.0054129538394
368,368,843.5967656709184
369,369,828.464515483123
370,370,813.603704437093
371,371,799.0094635141966
372,372,784.6770110352418
373,373,770.6016510937997
374,374,756.7787720176293
375,375,743.2038448577022
376,376,729.8724219043338
377,377,716.780135229927
378,378,703.9226952578539
379,379,691.295889357019
380,380,678.8955804616243
381,381,666.7177057156924
382,382,654.7582751419092
383,383,643.0133703343377
384,384,631.4791431745895
385,385,620.1518145710212
386,386,609.0276732205459
387,387,598.1030743926541
388,388,587.3744387352522
389,389,576.8382511019189
390,390,566.4910594001922
391,391,556.3294734605241
392,392,546.3501639255214
393,393,536.549861159107
394,394,526.9253541752546
395,395,517.4734895859318
396,396,508.1911705679238
397,397,499.0753558481836
398,398,490.1230587073858
399,399,481.33134600135185
400,400,472.69733720002824
401,401,464.21820344371247
402,402,455.8911666161936
403,403,447.7134984345292
404,404,439.6825195551475
405,405,431.7955986959826
406,406,424.0501517743544
407,407,416.44364106031964
408,408,408.97357434520467
409,409,401.63750412505425
410,410,394.43302679872795
411,411,387.357781880381
412,412,380.40945122606945
413,413,373.58575827423437
414,414,366.88446729979916
415,415,360.30338268165787
416,416,353.8403481832975
417,417,347.49324624632413
418,418,341.2599972966671
419,419,335.13855906321794
420,420,329.1269259087021
421,421,323.22312817254726
422,422,317.42523152554173
423,423,311.7313363360645
424,424,306.13957704769405
425,425,300.6481215679679
426,426,295.25517066811585
427,427,289.9589573935568
428,428,284.7577464849743
429,429,279.649833809768
430,430,274.6335458037136
431,431,269.7072389226334
432,432,264.8692991039003
433,433,260.1181412376057
434,434,255.45220864721242
435,435,250.8699725795216
436,436,246.36993170378904
437,437,241.9506116198285
438,438,237.6105643749364
439,439,233.34836798948268
440,440,229.16262599101003
441,441,225.0519669566931
442,442,221.01504406400218
443,443,217.0505346494296
444,444,213.1571397751288
445,445,209.33358380332908
446,446,205.57861397838408
447,447,201.89100001631655
448,448,198.26953370172478
449,449,194.7130284919245
450,450,191.22031912818562
451,451,187.79026125394586
452,452,184.4217310398722
453,453,181.11362481564635
454,454,177.8648587083585
455,455,174.67436828738485
456,456,171.5411082156361
457,457,168.4640519070601
458,458,165.4421911902917
459,459,162.474535978334
460,460,159.56011394416186
461,461,156.69797020215097
462,462,153.88716699521478
463,463,151.1267833875589
464,464,148.4159149629415
465,465,145.75367352835053
466,466,143.13918682299595
467,467,140.57159823251783
468,468,138.0500665083268
469,469,135.57376549197448
470,470,133.1418838444708
471,471,130.75362478045483
472,472,128.40820580713483
473,473,126.10485846791103
474,474,123.84282809059847
475,475,121.62137354016359
476,476,119.43976697589873
477,477,117.29729361295011
478,478,115.19325148812642
479,479,113.12695122990445
480,480,111.09771583256386
481,481,109.10488043437176
482,482,107.14779209974576
483,483,105.22580960532561
484,484,103.33830322988194
485,485,101.48465454799333
486,486,99.66425622742413
487,487,97.87651183013764
488,488,96.12083561687827
489,489,94.39665235525845
490,490,92.70339713128939
491,491,91.04051516429139
492,492,89.40746162512464
493,493,87.80370145768077
494,494,86.22870920357585
495,495,84.68196882998915
496,496,83.16297356058854
497,497,81.6712257094898
498,498,80.20623651819464
499,499,78.76752599545229
500,500,77.3546227599943
501,501,75.96706388609203
502,502,74.60439475188147
503,503,73.26616889041017
504,504,71.95194784335717
505,505,70.66130101737495
506,506,69.39380554300985
507,507,68.14904613615204
508,508,66.92661496197124
509,509,65.72611150129322
510,510,64.54714241937293
511,511,63.38932143702196
512,512,62.25226920404747
513,513,61.13561317496077
514,514,60.0389874869165
515,515,58.962032839840866
516,516,57.90439637870946
517,517,56.86573157793759
518,518,55.845698127844294
519,519,54.84396182315247
520,520,53.86019445348952
521,521,52.89407369585189
522,522,51.945283008999
523,523,51.01351152974068
524,524,50.0984539710858
525,525,49.199810522217554
526,526,48.31728675026285
527,527,47.45059350382417
528,528,46.59944681824115
529,529,45.76356782255241
530,530,44.94268264812553
531,531,44.136522338926355
532,532,43.34482276339802
533,533,42.567324527920256
534,534,41.80377289182148
535,535,41.05391768391502
536,536,40.3175132205327
537,537,39.594318225028566
538,538,38.88409574872704
539,539,38.18661309328818
540,540,37.501641734466254
541,541,36.828957247235806
542,542,36.16833923226056
543,543,35.51957124368153
544,544,34.88244071820029
545,545,34.25673890543456
546,546,33.642260799522845
547,547,33.038805071955686
548,548,32.44617400561266
549,549,31.86417342998186
550,550,31.292612657541213
551,551,30.73130442128173
552,552,30.180064813350786
553,553,29.638713224796533
554,554,29.10707228639269
555,555,28.5849678105252
556,556,28.072228734121033
557,557,27.568687062600755
558,558,27.0741778148367
559,559,26.588538969098174
560,560,26.111611409966464
561,561,25.643238876202002
562,562,25.18326790954666
563,563,24.731547804444535
564,564,24.287930558664545
565,565,23.852270824808652
566,566,23.42442586269015
567,567,23.00425549256592
568,568,22.591622049207853
569,569,22.186390336797892
570,570,21.78842758463242
571,571,21.397603403620877
572,572,21.013789743565013
573,573,20.63686085120427
574,574,20.266693229013903
575,575,19.903165594741914
576,576,19.546158841672003
577,577,19.195555999599257
578,578,18.851242196505897
579,579,18.513104620924405
580,580,18.181032484975763
581,581,17.8549169880708
582,582,17.534651281262757
583,583,17.220130432238708
584,584,16.911251390939793
585,585,16.607912955797516
586,586,16.310015740576045
587,587,16.017462141809045
588,588,15.7301563068208
589,589,15.44800410232086
590,590,15.170913083562112
591,591,14.898792464051942
592,592,14.631553085806908
593,593,14.369107390140854
594,594,14.111369388977062
595,595,13.85825463667502
596,596,13.609680202362393
597,597,13.365564642763534
598,598,13.125827975515314
599,599,12.890391652961444
600,600,12.659178536417206
601,601,12.432112870895375
602,602,12.209120260285994
603,603,11.990127642980854
604,604,11.775063267935698
605,605,11.563856671161494
606,606,11.356438652637511
607,607,11.152741253638585
608,608,10.952697734468932
609,609,10.756242552595506
610,610,10.563311341173506
611,611,10.373840887957186
612,612,10.187769114588882
613,613,10.005035056259485
614,614,9.825578841733885
615,615,9.649341673734746
616,616,9.476265809677976
617,617,9.306294542753943
618,618,9.139372183347875
619,619,8.975444040793649
620,620,8.814456405454978
621,621,8.656356531127757
622,622,8.50109261775828
623,623,8.348613794471419
624,624,8.198870102903108
625,625,8.051812480832039
626,626,7.90739274610478
627,627,7.765563580849279
628,628,7.626278515971613
629,629,7.489491915930752
630,630,7.355158963786453
631,631,7.223235646515413
632,632,7.093678740590755
633,633,6.966445797820164
634,634,6.841495131438159
635,635,6.718785802447739
636,636,6.598277606207096
637,637,6.479931059256889
638,638,6.363707386383804
639,639,6.249568507916229
640,640,6.137477027247729
641,641,6.0273962185843795
642,642,5.9192900149119225
643,643,5.813122996178615
644,644,5.708860377690232
645,645,5.606467998713135
646,646,5.505912311281769
647,647,5.407160369206991
648,648,5.310179817281519
649,649,5.21493888067901
650,650,5.121406354543322
651,651,5.029551593764539
652,652,4.939344502938275
653,653,4.850755526505274
654,654,4.763755639067685
655,655,4.6783163358792015
656,656,4.594409623505693
657,657,4.512008010653406
658,658,4.431084499161695
659,659,4.351612575157259
660,660,4.273566200367118
661,661,4.196919803587397
662,662,4.121648272305133
663,663,4.0477269444703925
664,664,3.9751316004159394
665,665,3.9038384549218503
666,666,3.8338241494225254
667,667,3.7650657443534237
668,668,3.6975407116351375
669,669,3.631226927292242
670,670,3.5661026642045432
671,671,3.502146584988418
672,672,42.179925484862444
673,673,776.5098851269978
674,674,1452.6433811296044
675,675,1426.5861859273796
676,676,1400.9963992481878
677,677,1375.8656368155698
678,678,1351.1856647484592
679,679,1326.948396863432
680,680,1303.145892025333
681,681,1279.7703515454334
682,682,1256.8141166262542
683,683,1234.269665852219
684,684,1212.1296127253386
685,685,1190.386703245081
686,686,1169.0338135316613
687,687,1148.0639474919583
688,688,1127.4702345273129
689,689,1107.24592728243
690,690,1087.3843994346591
691,691,1067.879143522942
692,692,1048.7237688157034
693,693,1029.9119992169735
694,694,1011.4376712100748
695,695,993.294731838212
696,696,975.4772367212644
697,697,957.9793481081573
698,698,940.7953329641769
699,699,923.9195610925892
700,700,907.3465032899535
701,701,891.0707295345225
702,702,875.0869072071467
703,703,859.3897993440866
704,704,843.9742629211628
705,705,828.8352471686885
706,706,813.9677919166294
707,707,799.3670259694472
708,708,785.02816551009
709,709,770.9465125326169
710,710,757.1174533029379
711,711,743.536456847158
712,712,730.1990734670491
713,713,717.1009332821395
714,714,704.2377447979595
715,715,691.6052934999731
716,716,679.1994404727232
717,717,667.0161210437567
718,718,655.0513434518641
719,719,643.3011875392139
720,720,631.761803466947
721,721,620.4294104538131
722,722,609.3002955374228
723,723,598.3708123577326
724,724,587.6373799623414
725,725,577.0964816332292
726,726,566.744663734524
727,727,556.5785345809561
728,728,546.5947633265947
729,729,536.7900788735305
730,730,527.1612688001229
731,731,517.7051783084838
732,732,508.41870919082726
733,733,499.2988188143714
734,734,490.34251912444796
735,735,481.54687566548796
736,736,472.9090066195728
737,737,464.42608186223225
738,738,456.0953220351789
739,739,447.91399763567347
740,740,439.87942812222434
741,741,431.9889810363368
742,742,424.24007114000585
743,743,416.6301595686839
744,744,409.1567529994475
745,745,401.8174028340781
746,746,394.609704396801
747,747,387.5312961464129
748,748,380.5798589025429
749,749,373.75311508579614
750,750,367.04882797151816
751,751,360.4648009569536
752,752,353.9988768415509
753,753,347.64893712017243
754,754,341.4129012889791
755,755,335.28872616377936
756,756,329.27440521058975
757,757,323.3679678882168
758,758,317.5674790026217
759,759,311.8710380728741
760,760,306.2767787084711
761,761,300.7828679978338
762,762,295.3875059077695
763,763,290.0889246937048
764,764,284.8853883204974
765,765,279.7751918936426
766,766,274.7566611006769
767,767,269.8281516626035
768,768,264.98804879515995
769,769,260.23476667974575
770,770,255.56674794384313
771,771,250.98246315075787
772,772,246.48041029851132
773,773,242.05911432772288
774,774,237.71712663831903
775,775,233.45302461491218
776,776,229.2654111606911
777,777,225.15291423967736
778,778,221.11418642718553
779,779,217.14790446835403
780,780,213.25276884459032
781,781,209.42750334779473
782,782,205.67085466222204
783,783,201.98159195384287
784,784,198.358506467072
785,785,194.80041112872962
786,786,191.30614015910643
787,787,187.87454869000604
788,788,184.5045123896384
789,789,181.19492709424247
790,790,177.94470844631655
791,791,174.75279153933695
792,792,171.618130568851
793,793,168.539698489828
794,794,165.51648668015602
795,795,162.54750461017605
796,796,159.6317795181437
797,797,156.76835609151118
798,798,153.95629615392744
799,799,151.1946783578535
800,800,148.48259788269002
801,801,145.8191661383205
802,802,143.20351047397182
803,803,140.6347738922992
804,804,138.11211476859685
805,805,135.63470657504638
806,806,133.20173760991324
807,807,130.8124107315999
808,808,128.46594309746732
809,809,126.16156590734482
810,810,123.89852415163833
811,811,121.6760763639584
812,812,119.4934943781844
813,813,117.35006308988821
814,814,115.24508022203506
815,815,113.17785609488871
816,816,111.14771340004474
817,817,109.15398697851477
818,818,107.19602360279397
819,819,105.27318176283596
820,820,103.38483145586719
821,821,101.53035397997255
822,822,99.70914173138273
823,823,97.92059800539789
824,824,96.16413680088256
825,825,94.43918262826715
826,826,92.74517032099364
827,827,91.0815448503441
828,828,89.44776114358949
829,829,87.84328390540166
830,830,86.26758744246779
831,831,84.72015549125307
832,832,83.20048104884926
833,833,81.70806620686048
834,834,80.24242198826764
835,835,78.80306818721967
836,836,77.38953321169761
837,837,76.00135392900145
838,838,74.63807551400902
839,839,73.29925130015607
840,840,71.98444263308994
841,841,70.69321872694836
842,842,69.42515652321579
843,843,68.1798405521114
844,844,66.9568627964654
845,845,65.75582255803434
846,846,64.57632632621626
847,847,63.417987649120185
848,848,62.2804270069484
849,849,61.163271687650195
850,850,60.06615566480539
851,851,58.98871947769992
852,852,57.930610113550514
853,853,56.89148089184356
854,854,55.870991350748064
855,855,54.86880713556628
856,856,53.88459988918534
857,857,52.918047144493514
858,858,51.9688322187267
859,859,51.03664410971057
860,860,50.12117739396217
861,861,49.22213212662161
862,862,48.33921374317726
863,863,47.47213296295408
864,864,46.620605694333435
865,865,45.7843529416726
866,866,44.96310071389458
867,867,44.15657993471722
868,868,43.36452635449232
869,869,42.58668046362677
870,870,41.82278740755636
871,871,41.07259690324472
872,872,40.33586315718044
873,873,39.61234478484476
874,874,38.90180473162401
875,875,38.204010195140654
876,876,37.51873254897743
877,877,36.84574726777035
878,878,36.18483385364433
879,879,35.535775763968914
880,880,34.898360340410434
881,881,34.27237873925588
882,882,33.65762586298705
883,883,33.05390029308246
884,884,32.46100422402379
885,885,31.878743398486836
886,886,31.306927043694667
887,887,30.745367808912693
888,888,30.193881704064523
889,889,29.652288039449488
890,890,29.12040936654097
891,891,28.59807141984692
892,892,28.085103059813346
893,893,27.58133621675182
894,894,27.08660583577283
895,895,26.60074982270709
896,896,26.123608990996622
897,897,25.65502700953874
898,898,25.194850351465323
899,899,24.742928243841188
900,900,24.299112618264683
901,901,23.863258062354053
902,902,23.435221772104533
903,903,23.014863505099825
904,904,22.602045534562816
905,905,22.196632604230505
906,906,21.7984918840385
907,907,21.40749292660029
908,908,21.02350762446743
909,909,20.646410168156184
910,910,20.276077004926957
911,911,19.912386798303434
912,912,19.555220388317633
913,913,19.20446075246821
914,914,18.85999296737914
915,915,18.521704171145696
916,916,18.189483526356554
917,917,17.863222183778756
918,918,17.542813246694028
919,919,17.228151735875183
920,920,16.919134555190546
921,921,16.61566045782518
922,922,16.3176300131085
923,923,16.02494557393643
924,924,15.73751124477834
925,925,15.455232850257557
926,926,15.17801790429561
927,927,14.905775579810017
928,928,14.638416678955565
929,929,14.37585360389933
930,930,14.118000328120049
931,931,13.864772368222184
932,932,13.616086756255717
933,933,13.371862012532423
934,934,13.132018118929677
935,935,12.896476492673221
936,936,12.665159960590202
937,937,12.437992733824064
938,938,12.214900383002853
939,939,11.995809813853183
940,940,11.7806492432515
941,941,11.56934817570491
942,942,11.361837380253942
943,943,11.158048867789615
944,944,10.95791586877745
945,945,10.761372811380797
946,946,10.568355299977046
947,947,10.378800094058727
948,948,10.19264508751348
949,949,10.009829288275366
950,950,9.830292798341326
951,951,9.653976794146262
952,952,9.480823507289896
953,953,9.310776205609386
954,954,9.143779174591664
955,955,8.979777699118863
956,956,8.81871804554155
957,957,8.660547444073273
958,958,8.50521407150094
959,959,8.35266703420543
960,960,8.202856351486806
961,961,8.055732939188402
962,962,7.911248593614977
963,963,7.769355975739077
964,964,7.630008595690815
965,965,7.493160797525899
966,966,7.358767744266835
967,967,7.226785403212478
968,968,7.097170531511048
969,969,6.96988066199205
970,970,6.84487408925217
971,971,6.722109855990961
972,972,6.601547739591459
973,973,6.483148238941602
974,974,6.366872561492014
975,975,6.252682610545989
976,976,6.140540972777393
977,977,6.030410905972539
978,978,5.922256326991883
979,979,5.816041799947725
980,980,5.711732524593865
981,981,5.609294324923712
982,982,5.508693637972703
983,983,5.409897502821757
984,984,5.312873549797844
985,985,5.21758998986839
986,986,5.124015604225831
987,987,5.032119734059066
988,988,4.941872270508344
989,989,4.853243644800337
990,990,4.76620481856023
991,991,4.680727274297477
992,992,4.596783006062345
993,993,4.514344510269971
994,994,4.433384776689045
995,995,4.353877279592161
996,996,4.275795969064853
997,997,4.199115262470589
998,998,4.123810036068837
999,999,4.049855616783454
1000,1000,3.9772277741188087
1001,1001,3.9059027122208216
1002,1002,3.8358570620804944
1003,1003,3.76706787387721
1004,1004,3.699512609459444
1005,1005,3.6331691349603434
1006,1006,3.568015713545717
1007,1007,3.504030998292175
1008,1008,42.211069968486484
1009,1009,776.5404766258749
1010,1010,1452.8083418783137
1011,1011,1426.7481933227323
1012,1012,1401.1555062663015
1013,1013,1376.0218954822844
1014,1014,1351.3391261563856
1015,1015,1327.0991111886872
1016,1016,1303.2939085439818
1017,1017,1279.9157186496311
1018,1018,1256.9568818401003
1019,1019,1234.4098758473422
1020,1020,1212.267313336169
1021,1021,1190.5219394838825
1022,1022,1169.1666296032688
1023,1023,1148.1943868082703
1024,1024,1127.5983397215064
1025,1025,1107.3717402229368
1026,1026,1087.5079612388788
1027,1027,1068.0004945707187
1028,1028,1048.842948762546
1029,1029,1030.0290470070593
1030,1030,1011.5526250890094
1031,1031,993.4076293655552
1032,1032,975.5881147828362
1033,1033,958.0882429281247
1034,1034,940.9022801169223
1035,1035,924.0245955143655
1036,1036,907.4496592903303
1037,1037,891.172040807634
1038,1038,875.1864068427228
1039,1039,859.4875198382974
1040,1040,844.0702361872671
1041,1041,828.9295045474888
1042,1042,814.0603641867431
1043,1043,799.4579433573871
1044,1044,785.1174577001709
1045,1045,771.0342086766802
1046,1046,757.2035820299019
1047,1047,743.621046272401
1048,1048,730.2821512016185
1049,1049,717.1825264417989
1050,1050,704.3178800120717
1051,1051,691.6839969202302
1052,1052,679.2767377817107
1053,1053,667.092037463369
1054,1054,655.1259037515675
1055,1055,643.3744160441661
1056,1056,631.8337240659629
1057,1057,620.5000466071909
1058,1058,609.3696702846365
1059,1059,598.4389483249766
1060,1060,587.7042993699437
1061,1061,577.1622063029298
1062,1062,566.8092150966315
1063,1063,556.6419336813605
1064,1064,546.6570308336746
1065,1065,536.851235084914
1066,1066,527.2213336493428
1067,1067,517.7641713715069
1068,1068,508.4766496924686
1069,1069,499.3557256345956
1070,1070,490.39841080455113
1071,1071,481.6017704141757
1072,1072,472.96292231892676
1073,1073,464.47903607356784
1074,1074,456.14733200479725
1075,1075,447.9650803005147
1076,1076,439.9296001154164
1077,1077,432.0382586926448
1078,1078,424.2884705011829
1079,1079,416.6776963887303
1080,1080,409.203442749769
1081,1081,401.8632607085564
1082,1082,394.65474531677233
1083,1083,387.5755347655559
1084,1084,380.6233096116823
1085,1085,373.79579201761396
1086,1086,367.0907450051876
1087,1087,360.5059717226857
1088,1088,354.0393147250594
1089,1089,347.68865526705844
1090,1090,341.4519126090414
1091,1091,335.32704333524083
1092,1092,329.3120406842553
1093,1093,323.40493389154926
1094,1094,317.60378754374915
1095,1095,311.9067009445239
1096,1096,306.311807491835
1097,1097,300.81727406636304
1098,1098,295.4213004308995
1099,1099,290.12211864051267
1100,1100,284.91799246330135
1101,1101,279.80721681152716
1102,1102,274.78811718296055
1103,1103,269.85904911224304
1104,1104,265.01839763209153
1105,1105,260.264576744171
1106,1106,255.59602889945066
1107,1107,251.01122448789064
1108,1108,246.50866133727538
1109,1109,242.08686422104248
1110,1110,237.74438437493387
1111,1111,233.479799022323
1112,1112,229.29171090805286
1113,1113,225.17874784063847
1114,1114,221.13956224267852
1115,1115,217.17283070933348
1116,1116,213.2772535747238
1117,1117,209.45155448610456
1118,1118,205.6944799856813
1119,1119,202.0047990999218
1120,1120,198.38130293624098
1121,1121,194.8228042869165
1122,1122,191.32813724011055
1123,1123,187.8961567978665
1124,1124,184.52573850096448
1125,1125,181.21577806049834
1126,1126,177.96519099606496
1127,1127,174.77291228044496
1128,1128,171.63789599065396
1129,1129,168.5591149652579
1130,1130,165.535560467827
1131,1131,162.56624185643713
1132,1132,159.65018625909093
1133,1133,156.78643825496593
1134,1134,153.9740595613788
1135,1135,151.21212872636556
1136,1136,148.49974082677517
1137,1137,145.83600717177845
1138,1138,143.22005501169713
1139,1139,140.65102725205384
1140,1140,138.12808217275403
1141,1141,135.65039315230106
1142,1142,133.21714839696327
1143,1143,130.82755067479562
1144,1144,128.48081705443127
1145,1145,126.17617864856526
1146,1146,123.91288036203058
1147,1147,121.69018064440039
1148,1148,119.50735124702459
1149,1149,117.36367698442528
1150,1150,115.25845549997229
1151,1151,113.19099703576181
1152,1152,111.1606242066231
1153,1153,109.16667177817986
1154,1154,107.20848644889051
1155,1155,105.28542663600018
1156,1156,103.39686226533166
1157,1157,101.5421745648466
1158,1158,99.72075586191033
1159,1159,97.93200938419282
1160,1160,96.17534906414156
1161,1161,94.45019934696188
1162,1162,92.75599500204018
1163,1163,91.09218093775152
1164,1164,89.45821201958918
1165,1165,87.85355289155497
1166,1166,86.2776778007547
1167,1167,84.7300704251401
1168,1168,83.21022370433988
1169,1169,81.71763967352587
1170,1170,80.25182930025889
1171,1171,78.8123123242616
1172,1172,77.39861710006511
1173,1173,76.01028044247852
1174,1174,74.64684747482988
1175,1175,73.30787147993048
1176,1176,71.99291375371098
1177,1177,70.70154346148388
1178,1178,69.43333749678463
1179,1179,68.18788034274431
1180,1180,66.96476393594808
1181,1181,65.76358753273765
1182,1182,64.58395757791145
1183,1183,63.42548757577784
1184,1184,62.2877979635253
1185,1185,61.170515986859876
1186,1186,60.07327557787675
1187,1187,58.99571723512048
1188,1188,57.93748790579805
1189,1189,56.898240870103265
1190,1190,55.877635627617686
1191,1191,54.87533778574811
1192,1192,53.89101895016598
1193,1193,52.92435661721147
1194,1194,51.97503406822826
1195,1195,51.04274026579289
1196,1196,50.127169751806484
1197,1197,49.22802254741354
1198,1198,48.34500405471693
1199,1199,47.477824960254814
